{"pageName":"","createDate":"2020-08-25 11:49","templateRegisterForm":{"templateName":"W사 상품 템플릿 (패션)","templateWidth":"758","itemList":[{"itemHeight":3000,"itemName":"인트로","itemIcon":"image","itemId":"LIT-0","itemIndex":0,"itemType":"IMAGE","canvasElementId":"ITEM_STAGE_0","canvasBackgroundColor":"rgba(255,255,255,1)","canvasObjects":{"version":"3.6.3","objects":[{"type":"image","version":"3.6.3","originX":"left","originY":"top","left":0,"top":0,"width":758,"height":690,"fill":"rgb(0,0,0)","stroke":null,"strokeWidth":0,"strokeDashArray":null,"strokeLineCap":"butt","strokeDashOffset":0,"strokeLineJoin":"miter","strokeMiterLimit":4,"scaleX":1,"scaleY":1,"angle":0,"flipX":false,"flipY":false,"opacity":1,"shadow":null,"visible":true,"clipTo":null,"backgroundColor":"","fillRule":"nonzero","paintFirst":"fill","globalCompositeOperation":"source-over","transformMatrix":null,"skewX":0,"skewY":0,"crossOrigin":"","cropX":0,"cropY":0,"itemIndex":0,"itemId":"CII-0","instanceIndex":0,"instanceName":"","instanceType":"IMAGE","instanceId":"CII-0","tempPImageWidth":758,"tempPImageHeight":690,"tempPImage":"C:\\Users\\s.Jun\\pixpert\\.template\\W사 상품 템플릿 (패션)\\src\\intro-11.jpg","pImageName":"인트로-1","hasControls":true,"lockScalingY":true,"lockScalingX":true,"isMovementLock":true,"lockMovementX":true,"lockMovementY":true,"hasRotatingPoint":false,"imageInstanceName":"","strokeUniform":false,"src":"file://C:\\Users\\s.Jun\\pixpert\\.template\\W사 상품 템플릿 (패션)\\src\\intro-11.jpg","filters":[]},{"type":"image","version":"3.6.3","originX":"left","originY":"top","left":0,"top":690,"width":758,"height":690,"fill":"rgb(0,0,0)","stroke":null,"strokeWidth":0,"strokeDashArray":null,"strokeLineCap":"butt","strokeDashOffset":0,"strokeLineJoin":"miter","strokeMiterLimit":4,"scaleX":1,"scaleY":1,"angle":0,"flipX":false,"flipY":false,"opacity":1,"shadow":null,"visible":true,"clipTo":null,"backgroundColor":"","fillRule":"nonzero","paintFirst":"fill","globalCompositeOperation":"source-over","transformMatrix":null,"skewX":0,"skewY":0,"crossOrigin":"","cropX":0,"cropY":0,"itemIndex":0,"itemId":"CII-0","instanceIndex":0,"instanceName":"","instanceType":"IMAGE","instanceId":"CII-0","tempPImageWidth":758,"tempPImageHeight":690,"tempPImage":"C:\\Users\\s.Jun\\pixpert\\.template\\W사 상품 템플릿 (패션)\\src\\intro-2.jpg","pImageName":"인트로-2","hasControls":true,"lockScalingY":true,"lockScalingX":true,"isMovementLock":true,"lockMovementX":true,"lockMovementY":true,"hasRotatingPoint":false,"imageInstanceName":"","strokeUniform":false,"src":"file://C:\\Users\\s.Jun\\pixpert\\.template\\W사 상품 템플릿 (패션)\\src\\intro-2.jpg","filters":[]},{"type":"image","version":"3.6.3","originX":"left","originY":"top","left":0,"top":1380,"width":758,"height":690,"fill":"rgb(0,0,0)","stroke":null,"strokeWidth":0,"strokeDashArray":null,"strokeLineCap":"butt","strokeDashOffset":0,"strokeLineJoin":"miter","strokeMiterLimit":4,"scaleX":1,"scaleY":1,"angle":0,"flipX":false,"flipY":false,"opacity":1,"shadow":null,"visible":true,"clipTo":null,"backgroundColor":"","fillRule":"nonzero","paintFirst":"fill","globalCompositeOperation":"source-over","transformMatrix":null,"skewX":0,"skewY":0,"crossOrigin":"","cropX":0,"cropY":0,"itemIndex":0,"itemId":"CII-0","instanceIndex":0,"instanceName":"","instanceType":"IMAGE","instanceId":"CII-0","tempPImageWidth":758,"tempPImageHeight":690,"tempPImage":"C:\\Users\\s.Jun\\pixpert\\.template\\W사 상품 템플릿 (패션)\\src\\intro-3.jpg","pImageName":"인트로-3","hasControls":true,"lockScalingY":true,"lockScalingX":true,"isMovementLock":true,"lockMovementX":true,"lockMovementY":true,"hasRotatingPoint":false,"imageInstanceName":"","strokeUniform":false,"src":"file://C:\\Users\\s.Jun\\pixpert\\.template\\W사 상품 템플릿 (패션)\\src\\intro-3.jpg","filters":[]},{"type":"textbox","version":"3.6.3","originX":"left","originY":"top","left":149,"top":1553,"width":500,"height":73.22,"fill":"#525252","stroke":null,"strokeWidth":1,"strokeDashArray":null,"strokeLineCap":"butt","strokeDashOffset":0,"strokeLineJoin":"miter","strokeMiterLimit":4,"scaleX":1,"scaleY":1,"angle":0,"flipX":false,"flipY":false,"opacity":1,"shadow":null,"visible":true,"clipTo":null,"backgroundColor":"","fillRule":"nonzero","paintFirst":"fill","globalCompositeOperation":"source-over","transformMatrix":null,"skewX":0,"skewY":0,"text":"텍스트 입력창 Ex)\\\\n여름시즌오프 상품부터 가을신상품까지","fontSize":30,"fontWeight":"bold","fontFamily":"JejuHallasan","fontStyle":"normal","lineHeight":1.16,"underline":false,"overline":false,"linethrough":false,"textAlign":"left","textBackgroundColor":"","charSpacing":0,"minWidth":20,"splitByGrapheme":true,"itemIndex":0,"itemId":"CIT-0","instanceIndex":0,"instanceName":"인트로3 - 텍스트 박스","instanceType":"TEXT","instanceTypeTextBox":true,"fontFileFullPath":"C:\\Windows\\Fonts\\JejuHallasan.ttf","hasControls":false,"lockScalingY":false,"lockScalingX":false,"lockMovementX":false,"lockMovementY":false,"hasRotatingPoint":true,"textInstanceName":"","strokeUniform":false,"styles":{}},{"type":"i-text","version":"3.6.3","originX":"left","originY":"top","left":294,"top":2102,"width":168.24,"height":33.9,"fill":"#525252","stroke":null,"strokeWidth":1,"strokeDashArray":null,"strokeLineCap":"butt","strokeDashOffset":0,"strokeLineJoin":"miter","strokeMiterLimit":4,"scaleX":1,"scaleY":1,"angle":0,"flipX":false,"flipY":false,"opacity":1,"shadow":null,"visible":true,"clipTo":null,"backgroundColor":"","fillRule":"nonzero","paintFirst":"fill","globalCompositeOperation":"source-over","transformMatrix":null,"skewX":0,"skewY":0,"text":"SIZE CHECK","fontSize":30,"fontWeight":"bold","fontFamily":"Malgun Gothic","fontStyle":"normal","lineHeight":1.16,"underline":false,"overline":false,"linethrough":false,"textAlign":"left","textBackgroundColor":"","charSpacing":0,"itemIndex":0,"itemId":"CIT-0","instanceIndex":0,"instanceName":"사이즈 체크 텍스트","instanceType":"TEXT","fontFileFullPath":"C:\\Windows\\Fonts\\Malgun Gothic.ttf","hasControls":true,"lockScalingY":true,"lockScalingX":true,"lockMovementX":false,"lockMovementY":false,"hasRotatingPoint":true,"textInstanceName":"","strokeUniform":false,"styles":{}},{"type":"i-text","version":"3.6.3","originX":"left","originY":"top","left":257,"top":2140,"width":251.57,"height":16.95,"fill":"#525252","stroke":null,"strokeWidth":1,"strokeDashArray":null,"strokeLineCap":"butt","strokeDashOffset":0,"strokeLineJoin":"miter","strokeMiterLimit":4,"scaleX":1,"scaleY":1,"angle":0,"flipX":false,"flipY":false,"opacity":1,"shadow":null,"visible":true,"clipTo":null,"backgroundColor":"","fillRule":"nonzero","paintFirst":"fill","globalCompositeOperation":"source-over","transformMatrix":null,"skewX":0,"skewY":0,"text":"[어떤 사이즈를 사야할지 고민이 된다면?]","fontSize":15,"fontWeight":"bold","fontFamily":"Pyunji R","fontStyle":"normal","lineHeight":1.16,"underline":false,"overline":false,"linethrough":false,"textAlign":"left","textBackgroundColor":"","charSpacing":0,"itemIndex":0,"itemId":"CIT-0","instanceIndex":0,"instanceName":"사이즈 체크 설명","instanceType":"TEXT","fontFileFullPath":"C:\\Windows\\Fonts\\HMFMPYUN.TTF","hasControls":true,"lockScalingY":true,"lockScalingX":true,"lockMovementX":false,"lockMovementY":false,"hasRotatingPoint":true,"textInstanceName":"","strokeUniform":false,"styles":{}},{"type":"rect","version":"3.6.3","originX":"left","originY":"top","left":10,"top":2170,"width":150,"height":150,"fill":"rgba(231,231,231,1)","stroke":"rgba(231,231,231,1)","strokeWidth":0,"strokeDashArray":null,"strokeLineCap":"butt","strokeDashOffset":0,"strokeLineJoin":"miter","strokeMiterLimit":4,"scaleX":2.52,"scaleY":1.96,"angle":0,"flipX":false,"flipY":false,"opacity":1,"shadow":null,"visible":true,"clipTo":null,"backgroundColor":"","fillRule":"nonzero","paintFirst":"fill","globalCompositeOperation":"source-over","transformMatrix":null,"skewX":0,"skewY":0,"rx":0,"ry":0,"itemIndex":0,"itemId":"CIS-0","instanceIndex":0,"instanceName":"","instanceType":"SHAPE","hasControls":true,"lockScalingY":false,"lockScalingX":false,"lockMovementX":false,"lockMovementY":false,"hasRotatingPoint":true,"shapeInstanceName":"","strokeUniform":true},{"type":"rect","version":"3.6.3","originX":"left","originY":"top","left":395,"top":2170,"width":150,"height":150,"fill":"rgba(231,231,231,1)","stroke":"rgba(0,0,0,1)","strokeWidth":0,"strokeDashArray":null,"strokeLineCap":"butt","strokeDashOffset":0,"strokeLineJoin":"miter","strokeMiterLimit":4,"scaleX":2.36,"scaleY":0.96,"angle":0,"flipX":false,"flipY":false,"opacity":1,"shadow":null,"visible":true,"clipTo":null,"backgroundColor":"","fillRule":"nonzero","paintFirst":"fill","globalCompositeOperation":"source-over","transformMatrix":null,"skewX":0,"skewY":0,"rx":0,"ry":0,"itemIndex":0,"itemId":"CIS-0","instanceIndex":7,"instanceName":"","instanceType":"SHAPE","hasControls":true,"lockScalingY":false,"lockScalingX":false,"lockMovementX":false,"lockMovementY":false,"hasRotatingPoint":true,"shapeInstanceName":"","strokeUniform":true},{"type":"rect","version":"3.6.3","originX":"left","originY":"top","left":395,"top":2319,"width":150,"height":150,"fill":"rgba(231,231,231,1)","stroke":"rgba(0,0,0,1)","strokeWidth":0,"strokeDashArray":null,"strokeLineCap":"butt","strokeDashOffset":0,"strokeLineJoin":"miter","strokeMiterLimit":4,"scaleX":2.36,"scaleY":0.97,"angle":0,"flipX":false,"flipY":false,"opacity":1,"shadow":null,"visible":true,"clipTo":null,"backgroundColor":"","fillRule":"nonzero","paintFirst":"fill","globalCompositeOperation":"source-over","transformMatrix":null,"skewX":0,"skewY":0,"rx":0,"ry":0,"itemIndex":0,"itemId":"CIS-0","instanceIndex":8,"instanceName":"","instanceType":"SHAPE","hasControls":true,"lockScalingY":false,"lockScalingX":false,"lockMovementX":false,"lockMovementY":false,"hasRotatingPoint":true,"shapeInstanceName":"","strokeUniform":true},{"type":"i-text","version":"3.6.3","originX":"left","originY":"top","left":75,"top":2184,"width":249,"height":16.95,"fill":"#525252","stroke":null,"strokeWidth":1,"strokeDashArray":null,"strokeLineCap":"butt","strokeDashOffset":0,"strokeLineJoin":"miter","strokeMiterLimit":4,"scaleX":1,"scaleY":1,"angle":0,"flipX":false,"flipY":false,"opacity":1,"shadow":null,"visible":true,"clipTo":null,"backgroundColor":"","fillRule":"nonzero","paintFirst":"fill","globalCompositeOperation":"source-over","transformMatrix":null,"skewX":0,"skewY":0,"text":"[ 일반적인 여성의류 사이즈표 (cm) ]","fontSize":15,"fontWeight":"bold","fontFamily":"HYShortSamul-Medium","fontStyle":"normal","lineHeight":1.16,"underline":false,"overline":false,"linethrough":false,"textAlign":"left","textBackgroundColor":"","charSpacing":0,"itemIndex":0,"itemId":"CIT-0","instanceIndex":0,"instanceName":"일반 사이즈 텍스트","instanceType":"TEXT","fontFileFullPath":"C:\\Windows\\Fonts\\H2SA1M.TTF","hasControls":true,"lockScalingY":true,"lockScalingX":true,"lockMovementX":false,"lockMovementY":false,"hasRotatingPoint":true,"textInstanceName":"","strokeUniform":false,"styles":{}},{"type":"image","version":"3.6.3","originX":"left","originY":"top","left":33.78,"top":2218,"width":624,"height":422,"fill":"rgb(0,0,0)","stroke":null,"strokeWidth":0,"strokeDashArray":null,"strokeLineCap":"butt","strokeDashOffset":0,"strokeLineJoin":"miter","strokeMiterLimit":4,"scaleX":0.54,"scaleY":0.54,"angle":0,"flipX":false,"flipY":false,"opacity":1,"shadow":null,"visible":true,"clipTo":null,"backgroundColor":"","fillRule":"nonzero","paintFirst":"fill","globalCompositeOperation":"source-over","transformMatrix":null,"skewX":0,"skewY":0,"crossOrigin":"","cropX":0,"cropY":0,"itemIndex":0,"itemId":"CII-0","instanceIndex":0,"instanceName":"","instanceType":"IMAGE","instanceId":"CII-0","tempPImageWidth":334,"tempPImageHeight":225,"tempPImage":"C:\\Users\\s.Jun\\pixpert\\.template\\W사 상품 템플릿 (패션)\\src\\size.png","pImageName":"","hasControls":true,"lockScalingY":false,"lockScalingX":false,"lockMovementX":false,"lockMovementY":false,"hasRotatingPoint":true,"imageInstanceName":"","strokeUniform":false,"src":"file://C:\\Users\\s.Jun\\pixpert\\.template\\W사 상품 템플릿 (패션)\\src\\size.png","filters":[]},{"type":"i-text","version":"3.6.3","originX":"left","originY":"top","left":516,"top":2180,"width":110.57,"height":21.47,"fill":"rgba(123,115,251,1)","stroke":null,"strokeWidth":1,"strokeDashArray":null,"strokeLineCap":"butt","strokeDashOffset":0,"strokeLineJoin":"miter","strokeMiterLimit":4,"scaleX":1,"scaleY":1,"angle":0,"flipX":false,"flipY":false,"opacity":1,"shadow":null,"visible":true,"clipTo":null,"backgroundColor":"","fillRule":"nonzero","paintFirst":"fill","globalCompositeOperation":"source-over","transformMatrix":null,"skewX":0,"skewY":0,"text":"FREE SIZE","fontSize":19,"fontWeight":"bold","fontFamily":"Kristen ITC","fontStyle":"normal","lineHeight":1.16,"underline":false,"overline":false,"linethrough":false,"textAlign":"left","textBackgroundColor":"","charSpacing":0,"itemIndex":0,"itemId":"CIT-0","instanceIndex":0,"instanceName":"프리 사이즈 텍스트","instanceType":"TEXT","fontFileFullPath":"C:\\Windows\\Fonts\\ITCKRIST.TTF","hasControls":true,"lockScalingY":true,"lockScalingX":true,"lockMovementX":false,"lockMovementY":false,"hasRotatingPoint":true,"textInstanceName":"","strokeUniform":false,"styles":{}},{"type":"textbox","version":"3.6.3","originX":"left","originY":"top","left":409,"top":2240,"width":330,"height":52.52,"fill":"#525252","stroke":null,"strokeWidth":1,"strokeDashArray":null,"strokeLineCap":"butt","strokeDashOffset":0,"strokeLineJoin":"miter","strokeMiterLimit":4,"scaleX":1,"scaleY":1,"angle":0,"flipX":false,"flipY":false,"opacity":1,"shadow":null,"visible":true,"clipTo":null,"backgroundColor":"","fillRule":"nonzero","paintFirst":"fill","globalCompositeOperation":"source-over","transformMatrix":null,"skewX":0,"skewY":0,"text":"44-66 사이즈 언니들이 입었을 때 예쁜 핏!\\\\n상품에 따라 핏이 다르니 상세 사이즈를 \\\\n꼭! 확인해 주세요.","fontSize":14,"fontWeight":"bold","fontFamily":"Malgun Gothic","fontStyle":"normal","lineHeight":1.16,"underline":false,"overline":false,"linethrough":false,"textAlign":"center","textBackgroundColor":"","charSpacing":0,"minWidth":20,"splitByGrapheme":true,"itemIndex":0,"itemId":"CIT-0","instanceIndex":0,"instanceName":"프리 사이즈 설명","instanceType":"TEXT","instanceTypeTextBox":true,"fontFileFullPath":"C:\\Windows\\Fonts\\Malgun Gothic.ttf","hasControls":false,"lockScalingY":false,"lockScalingX":false,"lockMovementX":false,"lockMovementY":false,"hasRotatingPoint":true,"textInstanceName":"","strokeUniform":false,"styles":{}},{"type":"rect","version":"3.6.3","originX":"left","originY":"top","left":551,"top":2216,"width":150,"height":150,"fill":"rgba(232,147,159,1)","stroke":"rgba(232,57,82,1)","strokeWidth":5,"strokeDashArray":null,"strokeLineCap":"butt","strokeDashOffset":0,"strokeLineJoin":"miter","strokeMiterLimit":4,"scaleX":0.16,"scaleY":0,"angle":0,"flipX":false,"flipY":false,"opacity":1,"shadow":null,"visible":true,"clipTo":null,"backgroundColor":"","fillRule":"nonzero","paintFirst":"fill","globalCompositeOperation":"source-over","transformMatrix":null,"skewX":0,"skewY":0,"rx":0,"ry":0,"itemIndex":0,"itemId":"CIS-0","instanceIndex":0,"instanceName":"","instanceType":"SHAPE","hasControls":true,"lockScalingY":false,"lockScalingX":false,"lockMovementX":false,"lockMovementY":false,"hasRotatingPoint":true,"shapeInstanceName":"","strokeUniform":true},{"type":"i-text","version":"3.6.3","originX":"left","originY":"top","left":523,"top":2335,"width":86.08,"height":21.47,"fill":"rgba(251,115,115,1)","stroke":null,"strokeWidth":1,"strokeDashArray":null,"strokeLineCap":"butt","strokeDashOffset":0,"strokeLineJoin":"miter","strokeMiterLimit":4,"scaleX":1,"scaleY":1,"angle":0,"flipX":false,"flipY":false,"opacity":1,"shadow":null,"visible":true,"clipTo":null,"backgroundColor":"","fillRule":"nonzero","paintFirst":"fill","globalCompositeOperation":"source-over","transformMatrix":null,"skewX":0,"skewY":0,"text":"XL SIZE","fontSize":19,"fontWeight":"bold","fontFamily":"Kristen ITC","fontStyle":"normal","lineHeight":1.16,"underline":false,"overline":false,"linethrough":false,"textAlign":"left","textBackgroundColor":"","charSpacing":0,"itemIndex":0,"itemId":"CIT-0","instanceIndex":14,"instanceName":"XL 사이즈 텍스트","instanceType":"TEXT","fontFileFullPath":"C:\\Windows\\Fonts\\ITCKRIST.TTF","hasControls":false,"lockScalingY":true,"lockScalingX":true,"lockMovementX":false,"lockMovementY":false,"hasRotatingPoint":true,"textInstanceName":"","strokeUniform":false,"styles":{}},{"type":"rect","version":"3.6.3","originX":"left","originY":"top","left":553,"top":2370,"width":150,"height":150,"fill":"rgba(232,147,159,1)","stroke":"rgba(232,57,82,1)","strokeWidth":5,"strokeDashArray":null,"strokeLineCap":"butt","strokeDashOffset":0,"strokeLineJoin":"miter","strokeMiterLimit":4,"scaleX":0.16,"scaleY":0,"angle":0,"flipX":false,"flipY":false,"opacity":1,"shadow":null,"visible":true,"clipTo":null,"backgroundColor":"","fillRule":"nonzero","paintFirst":"fill","globalCompositeOperation":"source-over","transformMatrix":null,"skewX":0,"skewY":0,"rx":0,"ry":0,"itemIndex":0,"itemId":"CIS-0","instanceIndex":15,"instanceName":"","instanceType":"SHAPE","hasControls":true,"lockScalingY":false,"lockScalingX":false,"lockMovementX":false,"lockMovementY":false,"hasRotatingPoint":true,"shapeInstanceName":"","strokeUniform":true},{"type":"textbox","version":"3.6.3","originX":"left","originY":"top","left":409,"top":2389,"width":330,"height":52.52,"fill":"#525252","stroke":null,"strokeWidth":1,"strokeDashArray":null,"strokeLineCap":"butt","strokeDashOffset":0,"strokeLineJoin":"miter","strokeMiterLimit":4,"scaleX":1,"scaleY":1,"angle":0,"flipX":false,"flipY":false,"opacity":1,"shadow":null,"visible":true,"clipTo":null,"backgroundColor":"","fillRule":"nonzero","paintFirst":"fill","globalCompositeOperation":"source-over","transformMatrix":null,"skewX":0,"skewY":0,"text":"77-88 사이즈 언니들이 입었을 때 예쁜 핏!\\\\n상품에 따라 핏이 다르니 상세 사이즈를 \\\\n꼭! 확인해 주세요.","fontSize":14,"fontWeight":"bold","fontFamily":"Malgun Gothic","fontStyle":"normal","lineHeight":1.16,"underline":false,"overline":false,"linethrough":false,"textAlign":"center","textBackgroundColor":"","charSpacing":0,"minWidth":20,"splitByGrapheme":true,"itemIndex":0,"itemId":"CIT-0","instanceIndex":16,"instanceName":"XL 사이즈 설명","instanceType":"TEXT","instanceTypeTextBox":true,"fontFileFullPath":"C:\\Windows\\Fonts\\Malgun Gothic.ttf","hasControls":false,"lockScalingY":true,"lockScalingX":true,"lockMovementX":false,"lockMovementY":false,"hasRotatingPoint":true,"textInstanceName":"","strokeUniform":false,"styles":{}},{"type":"i-text","version":"3.6.3","originX":"left","originY":"top","left":265,"top":2499,"width":234.57,"height":33.9,"fill":"#525252","stroke":null,"strokeWidth":1,"strokeDashArray":null,"strokeLineCap":"butt","strokeDashOffset":0,"strokeLineJoin":"miter","strokeMiterLimit":4,"scaleX":1,"scaleY":1,"angle":0,"flipX":false,"flipY":false,"opacity":1,"shadow":null,"visible":true,"clipTo":null,"backgroundColor":"","fillRule":"nonzero","paintFirst":"fill","globalCompositeOperation":"source-over","transformMatrix":null,"skewX":0,"skewY":0,"text":"MODEL PROFILE","fontSize":30,"fontWeight":"bold","fontFamily":"Malgun Gothic","fontStyle":"normal","lineHeight":1.16,"underline":false,"overline":false,"linethrough":false,"textAlign":"left","textBackgroundColor":"","charSpacing":0,"itemIndex":0,"itemId":"CIT-0","instanceIndex":17,"instanceName":"모델 프로필 텍스트","instanceType":"TEXT","fontFileFullPath":"C:\\Windows\\Fonts\\Malgun Gothic.ttf","hasControls":false,"lockScalingY":true,"lockScalingX":true,"lockMovementX":false,"lockMovementY":false,"hasRotatingPoint":true,"textInstanceName":"","strokeUniform":false,"styles":{}},{"type":"i-text","version":"3.6.3","originX":"left","originY":"top","left":235,"top":2535,"width":290.21,"height":16.95,"fill":"#525252","stroke":null,"strokeWidth":1,"strokeDashArray":null,"strokeLineCap":"butt","strokeDashOffset":0,"strokeLineJoin":"miter","strokeMiterLimit":4,"scaleX":1,"scaleY":1,"angle":0,"flipX":false,"flipY":false,"opacity":1,"shadow":null,"visible":true,"clipTo":null,"backgroundColor":"","fillRule":"nonzero","paintFirst":"fill","globalCompositeOperation":"source-over","transformMatrix":null,"skewX":0,"skewY":0,"text":"[보다 정확한 핏을 위해 모델 정보를 확인하세요.]","fontSize":15,"fontWeight":"bold","fontFamily":"Pyunji R","fontStyle":"normal","lineHeight":1.16,"underline":false,"overline":false,"linethrough":false,"textAlign":"left","textBackgroundColor":"","charSpacing":0,"itemIndex":0,"itemId":"CIT-0","instanceIndex":18,"instanceName":"모델 프로필 텍스트 설명","instanceType":"TEXT","fontFileFullPath":"C:\\Windows\\Fonts\\HMFMPYUN.TTF","hasControls":false,"lockScalingY":true,"lockScalingX":true,"lockMovementX":false,"lockMovementY":false,"hasRotatingPoint":true,"textInstanceName":"","strokeUniform":false,"styles":{}},{"type":"rect","version":"3.6.3","originX":"left","originY":"top","left":20,"top":2570,"width":150,"height":150,"fill":"","stroke":"rgba(255,196,255,1)","strokeWidth":4,"strokeDashArray":null,"strokeLineCap":"butt","strokeDashOffset":0,"strokeLineJoin":"miter","strokeMiterLimit":4,"scaleX":2.18,"scaleY":2.04,"angle":0,"flipX":false,"flipY":false,"opacity":1,"shadow":null,"visible":true,"clipTo":null,"backgroundColor":"","fillRule":"nonzero","paintFirst":"fill","globalCompositeOperation":"source-over","transformMatrix":null,"skewX":0,"skewY":0,"rx":0,"ry":0,"itemIndex":0,"itemId":"CIS-19","instanceIndex":19,"instanceName":"","instanceType":"SHAPE","hasControls":true,"lockScalingY":false,"lockScalingX":false,"lockMovementX":false,"lockMovementY":false,"hasRotatingPoint":true,"shapeInstanceName":"","strokeUniform":true},{"type":"rect","version":"3.6.3","originX":"left","originY":"top","left":400,"top":2570,"width":150,"height":150,"fill":"","stroke":"rgba(255,196,255,1)","strokeWidth":4,"strokeDashArray":null,"strokeLineCap":"butt","strokeDashOffset":0,"strokeLineJoin":"miter","strokeMiterLimit":4,"scaleX":2.18,"scaleY":2.04,"angle":0,"flipX":false,"flipY":false,"opacity":1,"shadow":null,"visible":true,"clipTo":null,"backgroundColor":"","fillRule":"nonzero","paintFirst":"fill","globalCompositeOperation":"source-over","transformMatrix":null,"skewX":0,"skewY":0,"rx":0,"ry":0,"itemIndex":0,"itemId":"CIS-19","instanceIndex":20,"instanceName":"","instanceType":"SHAPE","hasControls":true,"lockScalingY":false,"lockScalingX":false,"lockMovementX":false,"lockMovementY":false,"hasRotatingPoint":true,"shapeInstanceName":"","strokeUniform":true},{"type":"i-text","version":"3.6.3","originX":"left","originY":"top","left":136,"top":2790,"width":79.83,"height":21.47,"fill":"#525252","stroke":null,"strokeWidth":1,"strokeDashArray":null,"strokeLineCap":"butt","strokeDashOffset":0,"strokeLineJoin":"miter","strokeMiterLimit":4,"scaleX":1,"scaleY":1,"angle":0,"flipX":false,"flipY":false,"opacity":1,"shadow":null,"visible":true,"clipTo":null,"backgroundColor":"","fillRule":"nonzero","paintFirst":"fill","globalCompositeOperation":"source-over","transformMatrix":null,"skewX":0,"skewY":0,"text":"Model -1","fontSize":19,"fontWeight":"normal","fontFamily":"Kristen ITC","fontStyle":"normal","lineHeight":1.16,"underline":false,"overline":false,"linethrough":false,"textAlign":"left","textBackgroundColor":"","charSpacing":0,"itemIndex":0,"itemId":"CIT-19","instanceIndex":19,"instanceName":"","instanceType":"TEXT","fontFileFullPath":"C:\\Windows\\Fonts\\ITCKRIST.TTF","hasControls":true,"lockScalingY":true,"lockScalingX":true,"lockMovementX":false,"lockMovementY":false,"hasRotatingPoint":true,"textInstanceName":"","strokeUniform":false,"styles":{}},{"type":"textbox","version":"3.6.3","originX":"left","originY":"top","left":78,"top":2817,"width":200,"height":56.27,"fill":"#525252","stroke":null,"strokeWidth":1,"strokeDashArray":null,"strokeLineCap":"butt","strokeDashOffset":0,"strokeLineJoin":"miter","strokeMiterLimit":4,"scaleX":1,"scaleY":1,"angle":0,"flipX":false,"flipY":false,"opacity":1,"shadow":null,"visible":true,"clipTo":null,"backgroundColor":"","fillRule":"nonzero","paintFirst":"fill","globalCompositeOperation":"source-over","transformMatrix":null,"skewX":0,"skewY":0,"text":"HEIGHT - 162CM\\\\nTOP 44 / PANTS 26(S)\\\\nSHOES 235","fontSize":15,"fontWeight":"normal","fontFamily":"Malgun Gothic","fontStyle":"normal","lineHeight":1.16,"underline":false,"overline":false,"linethrough":false,"textAlign":"center","textBackgroundColor":"","charSpacing":0,"minWidth":20,"splitByGrapheme":true,"itemIndex":0,"itemId":"CIT-19","instanceIndex":19,"instanceName":"","instanceType":"TEXT","instanceTypeTextBox":true,"fontFileFullPath":"C:\\Windows\\Fonts\\Malgun Gothic.ttf","hasControls":false,"lockScalingY":false,"lockScalingX":false,"lockMovementX":false,"lockMovementY":false,"hasRotatingPoint":true,"textInstanceName":"","strokeUniform":false,"styles":{}},{"type":"i-text","version":"3.6.3","originX":"left","originY":"top","left":534,"top":2790,"width":80.59,"height":21.47,"fill":"#525252","stroke":null,"strokeWidth":1,"strokeDashArray":null,"strokeLineCap":"butt","strokeDashOffset":0,"strokeLineJoin":"miter","strokeMiterLimit":4,"scaleX":1,"scaleY":1,"angle":0,"flipX":false,"flipY":false,"opacity":1,"shadow":null,"visible":true,"clipTo":null,"backgroundColor":"","fillRule":"nonzero","paintFirst":"fill","globalCompositeOperation":"source-over","transformMatrix":null,"skewX":0,"skewY":0,"text":"Model -2","fontSize":19,"fontWeight":"normal","fontFamily":"Kristen ITC","fontStyle":"normal","lineHeight":1.16,"underline":false,"overline":false,"linethrough":false,"textAlign":"left","textBackgroundColor":"","charSpacing":0,"itemIndex":0,"itemId":"CIT-19","instanceIndex":23,"instanceName":"","instanceType":"TEXT","fontFileFullPath":"C:\\Windows\\Fonts\\ITCKRIST.TTF","hasControls":false,"lockScalingY":true,"lockScalingX":true,"lockMovementX":false,"lockMovementY":false,"hasRotatingPoint":true,"textInstanceName":"","strokeUniform":false,"styles":{}},{"type":"textbox","version":"3.6.3","originX":"left","originY":"top","left":470,"top":2817,"width":200,"height":56.27,"fill":"#525252","stroke":null,"strokeWidth":1,"strokeDashArray":null,"strokeLineCap":"butt","strokeDashOffset":0,"strokeLineJoin":"miter","strokeMiterLimit":4,"scaleX":1,"scaleY":1,"angle":0,"flipX":false,"flipY":false,"opacity":1,"shadow":null,"visible":true,"clipTo":null,"backgroundColor":"","fillRule":"nonzero","paintFirst":"fill","globalCompositeOperation":"source-over","transformMatrix":null,"skewX":0,"skewY":0,"text":"HEIGHT - 168CM\\\\nTOP 55 / PANTS 26(S)\\\\nSHOES 240","fontSize":15,"fontWeight":"normal","fontFamily":"Malgun Gothic","fontStyle":"normal","lineHeight":1.16,"underline":false,"overline":false,"linethrough":false,"textAlign":"center","textBackgroundColor":"","charSpacing":0,"minWidth":20,"splitByGrapheme":true,"itemIndex":0,"itemId":"CIT-19","instanceIndex":24,"instanceName":"","instanceType":"TEXT","instanceTypeTextBox":true,"fontFileFullPath":"C:\\Windows\\Fonts\\Malgun Gothic.ttf","hasControls":false,"lockScalingY":true,"lockScalingX":true,"lockMovementX":false,"lockMovementY":false,"hasRotatingPoint":true,"textInstanceName":"","strokeUniform":false,"styles":{}}]}},{"itemHeight":3000,"itemName":"상품 리스트","itemIcon":"image","itemId":"LIT-1","itemIndex":1,"itemType":"IMAGE","canvasElementId":"ITEM_STAGE_1","canvasBackgroundColor":"rgba(255,255,255,1)","canvasObjects":{"version":"3.6.3","objects":[{"type":"image","version":"3.6.3","originX":"left","originY":"top","left":0,"top":0,"width":758,"height":600,"fill":"rgb(0,0,0)","stroke":null,"strokeWidth":0,"strokeDashArray":null,"strokeLineCap":"butt","strokeDashOffset":0,"strokeLineJoin":"miter","strokeMiterLimit":4,"scaleX":1,"scaleY":1,"angle":0,"flipX":false,"flipY":false,"opacity":1,"shadow":null,"visible":true,"clipTo":null,"backgroundColor":"","fillRule":"nonzero","paintFirst":"fill","globalCompositeOperation":"source-over","transformMatrix":null,"skewX":0,"skewY":0,"crossOrigin":"","cropX":0,"cropY":0,"itemIndex":1,"itemId":"CIL-1","instanceIndex":1,"instanceName":"","instanceType":"IMAGE-LIST-AREA","instanceId":"CIL-1","tempPImageWidth":758,"tempPImageHeight":600,"tempPImage":"C:\\Users\\s.Jun\\pixpert\\.template\\W사 상품 템플릿 (패션)\\src\\PLG-1598431030338.png","pImageName":"","instanceData":{"instanceName":"상품 리스트","instanceId":"CIL-0","imgListContainerWidth":"758","activeStageWidth":"758","activeStageHeight":"600","imgListType":"CARD","imgListColCnt":1,"imgListBgColor":"rgba(255,255,255,1)","canvasToJSON":{"version":"3.6.3","objects":[{"type":"group","version":"3.6.3","originX":"left","originY":"top","left":5,"top":5.75,"width":150,"height":150,"fill":"rgb(0,0,0)","stroke":null,"strokeWidth":0,"strokeDashArray":null,"strokeLineCap":"butt","strokeDashOffset":0,"strokeLineJoin":"miter","strokeMiterLimit":4,"scaleX":4.96,"scaleY":2.39,"angle":0,"flipX":false,"flipY":false,"opacity":1,"shadow":null,"visible":true,"clipTo":null,"backgroundColor":"","fillRule":"nonzero","paintFirst":"fill","globalCompositeOperation":"source-over","transformMatrix":null,"skewX":0,"skewY":0,"instanceType":"IMAGE-LIST-AREA","instanceId":"CII-0","hasControls":true,"lockScalingY":false,"lockScalingX":false,"lockMovementX":false,"lockMovementY":false,"hasRotatingPoint":true,"strokeUniform":false,"objects":[{"type":"rect","version":"3.6.3","originX":"left","originY":"top","left":-75.5,"top":-75.5,"width":150,"height":150,"fill":"#ffffff","stroke":"rgba(0,0,0,0.69)","strokeWidth":1,"strokeDashArray":null,"strokeLineCap":"butt","strokeDashOffset":0,"strokeLineJoin":"miter","strokeMiterLimit":4,"scaleX":1,"scaleY":1,"angle":0,"flipX":false,"flipY":false,"opacity":1,"shadow":null,"visible":true,"clipTo":null,"backgroundColor":"","fillRule":"nonzero","paintFirst":"fill","globalCompositeOperation":"source-over","transformMatrix":null,"skewX":0,"skewY":0,"rx":0,"ry":0,"hasControls":true,"lockScalingY":false,"lockScalingX":false,"lockMovementX":false,"lockMovementY":false,"hasRotatingPoint":true,"strokeUniform":false},{"type":"line","version":"3.6.3","originX":"left","originY":"top","left":-75.5,"top":-75.5,"width":150,"height":150,"fill":"rgb(0,0,0)","stroke":"rgba(0,0,0,0.69)","strokeWidth":1,"strokeDashArray":null,"strokeLineCap":"butt","strokeDashOffset":0,"strokeLineJoin":"miter","strokeMiterLimit":4,"scaleX":1,"scaleY":1,"angle":0,"flipX":false,"flipY":false,"opacity":1,"shadow":null,"visible":true,"clipTo":null,"backgroundColor":"","fillRule":"nonzero","paintFirst":"fill","globalCompositeOperation":"source-over","transformMatrix":null,"skewX":0,"skewY":0,"hasControls":false,"lockScalingY":false,"lockScalingX":false,"lockMovementX":true,"lockMovementY":true,"hasRotatingPoint":true,"strokeUniform":false,"x1":-75,"x2":75,"y1":-75,"y2":75},{"type":"line","version":"3.6.3","originX":"left","originY":"top","left":-75.5,"top":-75.5,"width":150,"height":150,"fill":"rgb(0,0,0)","stroke":"rgba(0,0,0,0.69)","strokeWidth":1,"strokeDashArray":null,"strokeLineCap":"butt","strokeDashOffset":0,"strokeLineJoin":"miter","strokeMiterLimit":4,"scaleX":1,"scaleY":1,"angle":0,"flipX":false,"flipY":false,"opacity":1,"shadow":null,"visible":true,"clipTo":null,"backgroundColor":"","fillRule":"nonzero","paintFirst":"fill","globalCompositeOperation":"source-over","transformMatrix":null,"skewX":0,"skewY":0,"hasControls":false,"lockScalingY":false,"lockScalingX":false,"lockMovementX":true,"lockMovementY":true,"hasRotatingPoint":true,"strokeUniform":false,"x1":75,"x2":-75,"y1":-75,"y2":75},{"type":"text","version":"3.6.3","originX":"left","originY":"top","left":-65.5,"top":-65.5,"width":87.03,"height":11.3,"fill":"rgba(0,0,0,0.69)","stroke":null,"strokeWidth":1,"strokeDashArray":null,"strokeLineCap":"butt","strokeDashOffset":0,"strokeLineJoin":"miter","strokeMiterLimit":4,"scaleX":1,"scaleY":1,"angle":0,"flipX":false,"flipY":false,"opacity":1,"shadow":null,"visible":true,"clipTo":null,"backgroundColor":"","fillRule":"nonzero","paintFirst":"fill","globalCompositeOperation":"source-over","transformMatrix":null,"skewX":0,"skewY":0,"text":"이미지 리스트 영역","fontSize":10,"fontWeight":"normal","fontFamily":"Malgun Gothic","fontStyle":"normal","lineHeight":1.16,"underline":false,"overline":false,"linethrough":false,"textAlign":"left","textBackgroundColor":"","charSpacing":0,"fontFileFullPath":"C:\\Windows\\Fonts\\Malgun Gothic.ttf","hasControls":true,"lockScalingY":false,"lockScalingX":false,"lockMovementX":false,"lockMovementY":false,"hasRotatingPoint":true,"strokeUniform":false,"styles":{}}]},{"type":"rect","version":"3.6.3","originX":"left","originY":"top","left":3,"top":387,"width":150,"height":150,"fill":"rgba(232,147,159,1)","stroke":"rgba(186,186,186,1)","strokeWidth":1,"strokeDashArray":null,"strokeLineCap":"butt","strokeDashOffset":0,"strokeLineJoin":"miter","strokeMiterLimit":4,"scaleX":4.96,"scaleY":0,"angle":0,"flipX":false,"flipY":false,"opacity":1,"shadow":null,"visible":true,"clipTo":null,"backgroundColor":"","fillRule":"nonzero","paintFirst":"fill","globalCompositeOperation":"source-over","transformMatrix":null,"skewX":0,"skewY":0,"rx":0,"ry":0,"itemId":"CIS-1","instanceIndex":1,"instanceName":"","instanceType":"SHAPE","hasControls":true,"lockScalingY":false,"lockScalingX":false,"lockMovementX":false,"lockMovementY":false,"hasRotatingPoint":true,"shapeInstanceName":"","strokeUniform":true},{"type":"i-text","version":"3.6.3","originX":"left","originY":"top","left":5,"top":395,"width":26.53,"height":28.25,"fill":"#525252","stroke":null,"strokeWidth":1,"strokeDashArray":null,"strokeLineCap":"butt","strokeDashOffset":0,"strokeLineJoin":"miter","strokeMiterLimit":4,"scaleX":1,"scaleY":1,"angle":0,"flipX":false,"flipY":false,"opacity":1,"shadow":null,"visible":true,"clipTo":null,"backgroundColor":"","fillRule":"nonzero","paintFirst":"fill","globalCompositeOperation":"source-over","transformMatrix":null,"skewX":0,"skewY":0,"text":"01","fontSize":25,"fontWeight":"bold","fontFamily":"Matura MT Script Capitals","fontStyle":"normal","lineHeight":1.16,"underline":false,"overline":false,"linethrough":false,"textAlign":"left","textBackgroundColor":"","charSpacing":0,"itemId":"CIT-2","instanceIndex":2,"instanceName":"","instanceType":"TEXT","fontFileFullPath":"C:\\Windows\\Fonts\\MATURASC.TTF","hasControls":true,"lockScalingY":true,"lockScalingX":true,"lockMovementX":false,"lockMovementY":false,"hasRotatingPoint":true,"textInstanceName":"번호","strokeUniform":false,"styles":{}},{"type":"i-text","version":"3.6.3","originX":"left","originY":"top","left":5,"top":429,"width":192.27,"height":22.6,"fill":"#525252","stroke":null,"strokeWidth":1,"strokeDashArray":null,"strokeLineCap":"butt","strokeDashOffset":0,"strokeLineJoin":"miter","strokeMiterLimit":4,"scaleX":1,"scaleY":1,"angle":0,"flipX":false,"flipY":false,"opacity":1,"shadow":null,"visible":true,"clipTo":null,"backgroundColor":"","fillRule":"nonzero","paintFirst":"fill","globalCompositeOperation":"source-over","transformMatrix":null,"skewX":0,"skewY":0,"text":"상품명을 입력하세요.","fontSize":20,"fontWeight":"bold","fontFamily":"Malgun Gothic Semilight","fontStyle":"normal","lineHeight":1.16,"underline":false,"overline":false,"linethrough":false,"textAlign":"left","textBackgroundColor":"","charSpacing":0,"itemId":"CIT-3","instanceIndex":3,"instanceName":"","instanceType":"TEXT","fontFileFullPath":"C:\\Windows\\Fonts\\malgunsl.ttf","hasControls":true,"lockScalingY":true,"lockScalingX":true,"lockMovementX":false,"lockMovementY":false,"hasRotatingPoint":true,"textInstanceName":"상품명","strokeUniform":false,"styles":{}},{"type":"i-text","version":"3.6.3","originX":"left","originY":"top","left":5,"top":460,"width":79.1,"height":16.95,"fill":"#525252","stroke":null,"strokeWidth":1,"strokeDashArray":null,"strokeLineCap":"butt","strokeDashOffset":0,"strokeLineJoin":"miter","strokeMiterLimit":4,"scaleX":1,"scaleY":1,"angle":0,"flipX":false,"flipY":false,"opacity":1,"shadow":null,"visible":true,"clipTo":null,"backgroundColor":"","fillRule":"nonzero","paintFirst":"fill","globalCompositeOperation":"source-over","transformMatrix":null,"skewX":0,"skewY":0,"text":"- COLOR :","fontSize":15,"fontWeight":"normal","fontFamily":"Kristen ITC","fontStyle":"normal","lineHeight":1.16,"underline":false,"overline":false,"linethrough":false,"textAlign":"left","textBackgroundColor":"","charSpacing":0,"itemId":"CIT-4","instanceIndex":4,"instanceName":"","instanceType":"TEXT","fontFileFullPath":"C:\\Windows\\Fonts\\ITCKRIST.TTF","hasControls":true,"lockScalingY":true,"lockScalingX":true,"lockMovementX":false,"lockMovementY":false,"hasRotatingPoint":true,"textInstanceName":"COLOR 텍스트","strokeUniform":false,"styles":{}},{"type":"i-text","version":"3.6.3","originX":"left","originY":"top","left":100,"top":461,"width":125,"height":16.95,"fill":"#525252","stroke":null,"strokeWidth":1,"strokeDashArray":null,"strokeLineCap":"butt","strokeDashOffset":0,"strokeLineJoin":"miter","strokeMiterLimit":4,"scaleX":1,"scaleY":1,"angle":0,"flipX":false,"flipY":false,"opacity":1,"shadow":null,"visible":true,"clipTo":null,"backgroundColor":"","fillRule":"nonzero","paintFirst":"fill","globalCompositeOperation":"source-over","transformMatrix":null,"skewX":0,"skewY":0,"text":"색상을 입력하세요","fontSize":15,"fontWeight":"normal","fontFamily":"HYGothic-Extra","fontStyle":"normal","lineHeight":1.16,"underline":false,"overline":false,"linethrough":false,"textAlign":"left","textBackgroundColor":"","charSpacing":0,"itemId":"CIT-5","instanceIndex":5,"instanceName":"","instanceType":"TEXT","fontFileFullPath":"C:\\Windows\\Fonts\\H2GTRE.TTF","hasControls":true,"lockScalingY":true,"lockScalingX":true,"lockMovementX":false,"lockMovementY":false,"hasRotatingPoint":true,"textInstanceName":"색상","strokeUniform":false,"styles":{}},{"type":"i-text","version":"3.6.3","originX":"left","originY":"top","left":5,"top":490,"width":62.06,"height":16.95,"fill":"#525252","stroke":null,"strokeWidth":1,"strokeDashArray":null,"strokeLineCap":"butt","strokeDashOffset":0,"strokeLineJoin":"miter","strokeMiterLimit":4,"scaleX":1,"scaleY":1,"angle":0,"flipX":false,"flipY":false,"opacity":1,"shadow":null,"visible":true,"clipTo":null,"backgroundColor":"","fillRule":"nonzero","paintFirst":"fill","globalCompositeOperation":"source-over","transformMatrix":null,"skewX":0,"skewY":0,"text":"- SIZE  :","fontSize":15,"fontWeight":"normal","fontFamily":"Kristen ITC","fontStyle":"normal","lineHeight":1.16,"underline":false,"overline":false,"linethrough":false,"textAlign":"left","textBackgroundColor":"","charSpacing":0,"itemIndex":1,"itemId":"CIT-4","instanceIndex":6,"instanceName":"","instanceType":"TEXT","fontFileFullPath":"C:\\Windows\\Fonts\\ITCKRIST.TTF","hasControls":false,"lockScalingY":true,"lockScalingX":true,"lockMovementX":false,"lockMovementY":false,"hasRotatingPoint":true,"textInstanceName":"SIZE 텍스트","strokeUniform":false,"styles":{}},{"type":"i-text","version":"3.6.3","originX":"left","originY":"top","left":83,"top":491,"width":145.62,"height":16.95,"fill":"#525252","stroke":null,"strokeWidth":1,"strokeDashArray":null,"strokeLineCap":"butt","strokeDashOffset":0,"strokeLineJoin":"miter","strokeMiterLimit":4,"scaleX":1,"scaleY":1,"angle":0,"flipX":false,"flipY":false,"opacity":1,"shadow":null,"visible":true,"clipTo":null,"backgroundColor":"","fillRule":"nonzero","paintFirst":"fill","globalCompositeOperation":"source-over","transformMatrix":null,"skewX":0,"skewY":0,"text":"사이즈를 입력하세요.","fontSize":15,"fontWeight":"normal","fontFamily":"HYGothic-Extra","fontStyle":"normal","lineHeight":1.16,"underline":false,"overline":false,"linethrough":false,"textAlign":"left","textBackgroundColor":"","charSpacing":0,"itemId":"CIT-7","instanceIndex":7,"instanceName":"","instanceType":"TEXT","fontFileFullPath":"C:\\Windows\\Fonts\\H2GTRE.TTF","hasControls":true,"lockScalingY":true,"lockScalingX":true,"lockMovementX":false,"lockMovementY":false,"hasRotatingPoint":true,"textInstanceName":"사이즈","strokeUniform":false,"styles":{}},{"type":"image","version":"3.6.3","originX":"left","originY":"top","left":5,"top":549,"width":451,"height":79,"fill":"rgb(0,0,0)","stroke":null,"strokeWidth":0,"strokeDashArray":null,"strokeLineCap":"butt","strokeDashOffset":0,"strokeLineJoin":"miter","strokeMiterLimit":4,"scaleX":0.51,"scaleY":0.51,"angle":0,"flipX":false,"flipY":false,"opacity":1,"shadow":null,"visible":true,"clipTo":null,"backgroundColor":"","fillRule":"nonzero","paintFirst":"fill","globalCompositeOperation":"source-over","transformMatrix":null,"skewX":0,"skewY":0,"crossOrigin":"","cropX":0,"cropY":0,"itemId":"CII-9","instanceIndex":9,"instanceName":"","instanceType":"IMAGE","instanceId":"CII-9","tempPImageWidth":451,"tempPImageHeight":79,"tempPImage":"C:\\Users\\s.Jun\\pixpert\\.template\\W사 상품 템플릿 (패션)\\src\\coupon.png","pImageName":"","hasControls":true,"lockScalingY":false,"lockScalingX":false,"lockMovementX":false,"lockMovementY":false,"hasRotatingPoint":true,"imageInstanceName":"쿠폰할인 이미지","strokeUniform":false,"src":"file://C:\\Users\\s.Jun\\pixpert\\.template\\W사 상품 템플릿 (패션)\\src\\coupon.png","filters":[]},{"type":"textbox","version":"3.6.3","originX":"left","originY":"top","left":5,"top":520,"width":95,"height":22.6,"fill":"#525252","stroke":null,"strokeWidth":1,"strokeDashArray":null,"strokeLineCap":"butt","strokeDashOffset":0,"strokeLineJoin":"miter","strokeMiterLimit":4,"scaleX":1,"scaleY":1,"angle":0,"flipX":false,"flipY":false,"opacity":1,"shadow":null,"visible":true,"clipTo":null,"backgroundColor":"","fillRule":"nonzero","paintFirst":"fill","globalCompositeOperation":"source-over","transformMatrix":null,"skewX":0,"skewY":0,"text":"18,800","fontSize":20,"fontWeight":"normal","fontFamily":"Headline R","fontStyle":"normal","lineHeight":1.16,"underline":false,"overline":false,"linethrough":false,"textAlign":"right","textBackgroundColor":"","charSpacing":0,"minWidth":20,"splitByGrapheme":true,"itemId":"CIT-9","instanceIndex":9,"instanceName":"","instanceType":"TEXT","instanceTypeTextBox":true,"fontFileFullPath":"C:\\Windows\\Fonts\\HMKMRHD.TTF","textboxWidth":95,"hasControls":false,"lockScalingY":false,"lockScalingX":false,"lockMovementX":false,"lockMovementY":false,"hasRotatingPoint":true,"textInstanceName":"가격","strokeUniform":false,"styles":{}},{"type":"i-text","version":"3.6.3","originX":"left","originY":"top","left":103,"top":527,"width":11.28,"height":13.56,"fill":"#525252","stroke":null,"strokeWidth":1,"strokeDashArray":null,"strokeLineCap":"butt","strokeDashOffset":0,"strokeLineJoin":"miter","strokeMiterLimit":4,"scaleX":1,"scaleY":1,"angle":0,"flipX":false,"flipY":false,"opacity":1,"shadow":null,"visible":true,"clipTo":null,"backgroundColor":"","fillRule":"nonzero","paintFirst":"fill","globalCompositeOperation":"source-over","transformMatrix":null,"skewX":0,"skewY":0,"text":"원","fontSize":12,"fontWeight":"bold","fontFamily":"NanumGothic","fontStyle":"normal","lineHeight":1.16,"underline":false,"overline":false,"linethrough":false,"textAlign":"left","textBackgroundColor":"","charSpacing":0,"itemId":"CIT-10","instanceIndex":10,"instanceName":"","instanceType":"TEXT","fontFileFullPath":"C:\\Windows\\Fonts\\NanumGothicBold.ttf","hasControls":true,"lockScalingY":true,"lockScalingX":true,"lockMovementX":false,"lockMovementY":false,"hasRotatingPoint":true,"textInstanceName":"가격 텍스트","strokeUniform":false,"styles":{}},{"type":"textbox","version":"3.6.3","originX":"left","originY":"top","left":106,"top":558,"width":95,"height":22.6,"fill":"rgba(238,85,85,1)","stroke":null,"strokeWidth":1,"strokeDashArray":null,"strokeLineCap":"butt","strokeDashOffset":0,"strokeLineJoin":"miter","strokeMiterLimit":4,"scaleX":1,"scaleY":1,"angle":0,"flipX":false,"flipY":false,"opacity":1,"shadow":null,"visible":true,"clipTo":null,"backgroundColor":"","fillRule":"nonzero","paintFirst":"fill","globalCompositeOperation":"source-over","transformMatrix":null,"skewX":0,"skewY":0,"text":"18,800","fontSize":20,"fontWeight":"bold","fontFamily":"Headline R","fontStyle":"normal","lineHeight":1.16,"underline":false,"overline":false,"linethrough":false,"textAlign":"right","textBackgroundColor":"","charSpacing":0,"minWidth":20,"splitByGrapheme":true,"itemIndex":1,"itemId":"CIT-9","instanceIndex":11,"instanceName":"","instanceType":"TEXT","instanceTypeTextBox":true,"fontFileFullPath":"C:\\Windows\\Fonts\\HMKMRHD.TTF","textboxWidth":95,"hasControls":false,"lockScalingY":true,"lockScalingX":true,"lockMovementX":false,"lockMovementY":false,"hasRotatingPoint":true,"textInstanceName":"할인 가격","strokeUniform":false,"styles":{}},{"type":"i-text","version":"3.6.3","originX":"left","originY":"top","left":205,"top":566,"width":11.28,"height":13.56,"fill":"rgba(238,85,85,1)","stroke":null,"strokeWidth":1,"strokeDashArray":null,"strokeLineCap":"butt","strokeDashOffset":0,"strokeLineJoin":"miter","strokeMiterLimit":4,"scaleX":1,"scaleY":1,"angle":0,"flipX":false,"flipY":false,"opacity":1,"shadow":null,"visible":true,"clipTo":null,"backgroundColor":"","fillRule":"nonzero","paintFirst":"fill","globalCompositeOperation":"source-over","transformMatrix":null,"skewX":0,"skewY":0,"text":"원","fontSize":12,"fontWeight":"bold","fontFamily":"NanumGothic","fontStyle":"normal","lineHeight":1.16,"underline":false,"overline":false,"linethrough":false,"textAlign":"left","textBackgroundColor":"","charSpacing":0,"itemIndex":1,"itemId":"CIT-10","instanceIndex":12,"instanceName":"","instanceType":"TEXT","fontFileFullPath":"C:\\Windows\\Fonts\\NanumGothicBold.ttf","hasControls":false,"lockScalingY":true,"lockScalingX":true,"lockMovementX":false,"lockMovementY":false,"hasRotatingPoint":true,"textInstanceName":"쿠폰 가격 텍스트","strokeUniform":false,"styles":{}}],"background":"rgba(255,255,255,1)"},"placeHolderSrc":"C:\\Users\\s.Jun\\pixpert\\.template\\W사 상품 템플릿 (패션)\\.temp\\PLG-1598431030338.png"},"hasControls":true,"lockScalingY":true,"lockScalingX":true,"lockMovementX":false,"lockMovementY":false,"hasRotatingPoint":true,"isImageListAreaSetData":true,"strokeUniform":false,"src":"file://C:\\Users\\s.Jun\\pixpert\\.template\\W사 상품 템플릿 (패션)\\src\\PLG-1598431030338.png","filters":[]}]}},{"itemHeight":2020,"itemName":"상세 설명","itemIcon":"image","itemId":"LIT-2","itemIndex":2,"itemType":"IMAGE","canvasElementId":"ITEM_STAGE_2","canvasBackgroundColor":"rgba(255,255,255,1)","canvasObjects":{"version":"3.6.3","objects":[{"type":"i-text","version":"3.6.3","originX":"left","originY":"top","left":278,"top":20,"width":173.36,"height":33.9,"fill":"#525252","stroke":null,"strokeWidth":1,"strokeDashArray":null,"strokeLineCap":"butt","strokeDashOffset":0,"strokeLineJoin":"miter","strokeMiterLimit":4,"scaleX":1,"scaleY":1,"angle":0,"flipX":false,"flipY":false,"opacity":1,"shadow":null,"visible":true,"clipTo":null,"backgroundColor":"","fillRule":"nonzero","paintFirst":"fill","globalCompositeOperation":"source-over","transformMatrix":null,"skewX":0,"skewY":0,"text":"Detailed cut","fontSize":30,"fontWeight":"bold","fontFamily":"Malgun Gothic","fontStyle":"normal","lineHeight":1.16,"underline":false,"overline":false,"linethrough":false,"textAlign":"left","textBackgroundColor":"","charSpacing":0,"itemIndex":2,"itemId":"CIT-0","instanceIndex":17,"instanceName":"상세 설명 텍스트","instanceType":"TEXT","fontFileFullPath":"C:\\Windows\\Fonts\\Malgun Gothic.ttf","hasControls":false,"lockScalingY":true,"lockScalingX":true,"lockMovementX":false,"lockMovementY":false,"hasRotatingPoint":true,"textInstanceName":"","strokeUniform":false,"styles":{}},{"type":"textbox","version":"3.6.3","originX":"left","originY":"top","left":82,"top":70,"width":610,"height":31.73,"fill":"#525252","stroke":null,"strokeWidth":1,"strokeDashArray":null,"strokeLineCap":"butt","strokeDashOffset":0,"strokeLineJoin":"miter","strokeMiterLimit":4,"scaleX":1,"scaleY":1,"angle":0,"flipX":false,"flipY":false,"opacity":1,"shadow":null,"visible":true,"clipTo":null,"backgroundColor":"","fillRule":"nonzero","paintFirst":"fill","globalCompositeOperation":"source-over","transformMatrix":null,"skewX":0,"skewY":0,"text":"촬영장소의 빛과 조명에 따라 제품 색상의 왜곡이 있을 수 있으니 상세 사진을 참고해주세요.\\\\n제품 색상은 모니터 사양과 설정에 따라서 차이가 있을 수있으니 이점 참고해 주세요.","fontSize":13,"fontWeight":"normal","fontFamily":"Malgun Gothic","fontStyle":"normal","lineHeight":1.16,"underline":false,"overline":false,"linethrough":false,"textAlign":"center","textBackgroundColor":"","charSpacing":0,"minWidth":20,"splitByGrapheme":true,"itemIndex":2,"itemId":"CIT-1","instanceIndex":1,"instanceName":"","instanceType":"TEXT","instanceTypeTextBox":true,"fontFileFullPath":"C:\\Windows\\Fonts\\Malgun Gothic.ttf","hasControls":false,"lockScalingY":false,"lockScalingX":false,"lockMovementX":false,"lockMovementY":false,"hasRotatingPoint":true,"textInstanceName":"","strokeUniform":false,"styles":{}},{"type":"image","version":"3.6.3","originX":"left","originY":"top","left":56,"top":121,"width":650,"height":592,"fill":"rgb(0,0,0)","stroke":null,"strokeWidth":0,"strokeDashArray":null,"strokeLineCap":"butt","strokeDashOffset":0,"strokeLineJoin":"miter","strokeMiterLimit":4,"scaleX":1,"scaleY":1,"angle":0,"flipX":false,"flipY":false,"opacity":1,"shadow":null,"visible":true,"clipTo":null,"backgroundColor":"","fillRule":"nonzero","paintFirst":"fill","globalCompositeOperation":"source-over","transformMatrix":null,"skewX":0,"skewY":0,"crossOrigin":"","cropX":0,"cropY":0,"itemIndex":2,"itemId":"CII-1","instanceIndex":1,"instanceName":"","instanceType":"IMAGE","instanceId":"CII-1","tempPImageWidth":650,"tempPImageHeight":592,"tempPImage":"C:\\Users\\s.Jun\\pixpert\\.template\\W사 상품 템플릿 (패션)\\src\\제품이미지-1.jpg","pImageName":"","hasControls":true,"lockScalingY":false,"lockScalingX":false,"lockMovementX":false,"lockMovementY":false,"hasRotatingPoint":true,"imageInstanceName":"","strokeUniform":false,"src":"file://C:\\Users\\s.Jun\\pixpert\\.template\\W사 상품 템플릿 (패션)\\src\\제품이미지-1.jpg","filters":[]},{"type":"image","version":"3.6.3","originX":"left","originY":"top","left":56,"top":730,"width":650,"height":592,"fill":"rgb(0,0,0)","stroke":null,"strokeWidth":0,"strokeDashArray":null,"strokeLineCap":"butt","strokeDashOffset":0,"strokeLineJoin":"miter","strokeMiterLimit":4,"scaleX":1,"scaleY":1,"angle":0,"flipX":false,"flipY":false,"opacity":1,"shadow":null,"visible":true,"clipTo":null,"backgroundColor":"","fillRule":"nonzero","paintFirst":"fill","globalCompositeOperation":"source-over","transformMatrix":null,"skewX":0,"skewY":0,"crossOrigin":"","cropX":0,"cropY":0,"itemIndex":2,"itemId":"CII-1","instanceIndex":1,"instanceName":"","instanceType":"IMAGE","instanceId":"CII-1","tempPImageWidth":650,"tempPImageHeight":592,"tempPImage":"C:\\Users\\s.Jun\\pixpert\\.template\\W사 상품 템플릿 (패션)\\src\\제품이미지-2.jpg","pImageName":"","hasControls":true,"lockScalingY":false,"lockScalingX":false,"lockMovementX":false,"lockMovementY":false,"hasRotatingPoint":true,"imageInstanceName":"","strokeUniform":false,"src":"file://C:\\Users\\s.Jun\\pixpert\\.template\\W사 상품 템플릿 (패션)\\src\\제품이미지-2.jpg","filters":[]},{"type":"image","version":"3.6.3","originX":"left","originY":"top","left":56,"top":1340,"width":650,"height":592,"fill":"rgb(0,0,0)","stroke":null,"strokeWidth":0,"strokeDashArray":null,"strokeLineCap":"butt","strokeDashOffset":0,"strokeLineJoin":"miter","strokeMiterLimit":4,"scaleX":1,"scaleY":1,"angle":0,"flipX":false,"flipY":false,"opacity":1,"shadow":null,"visible":true,"clipTo":null,"backgroundColor":"","fillRule":"nonzero","paintFirst":"fill","globalCompositeOperation":"source-over","transformMatrix":null,"skewX":0,"skewY":0,"crossOrigin":"","cropX":0,"cropY":0,"itemIndex":2,"itemId":"CII-1","instanceIndex":1,"instanceName":"","instanceType":"IMAGE","instanceId":"CII-1","tempPImageWidth":650,"tempPImageHeight":592,"tempPImage":"C:\\Users\\s.Jun\\pixpert\\.template\\W사 상품 템플릿 (패션)\\src\\제품이미지-3.jpg","pImageName":"","hasControls":true,"lockScalingY":false,"lockScalingX":false,"lockMovementX":false,"lockMovementY":false,"hasRotatingPoint":true,"imageInstanceName":"","strokeUniform":false,"src":"file://C:\\Users\\s.Jun\\pixpert\\.template\\W사 상품 템플릿 (패션)\\src\\제품이미지-3.jpg","filters":[]}]}},{"itemHeight":1500,"itemName":"표시사항","itemIcon":"image","itemId":"LIT-3","itemIndex":3,"itemType":"IMAGE","canvasElementId":"ITEM_STAGE_3","canvasBackgroundColor":"rgba(255,255,255,1)","canvasObjects":{"version":"3.6.3","objects":[{"type":"i-text","version":"3.6.3","originX":"left","originY":"top","left":295,"top":20,"width":143.58,"height":33.9,"fill":"#525252","stroke":null,"strokeWidth":1,"strokeDashArray":null,"strokeLineCap":"butt","strokeDashOffset":0,"strokeLineJoin":"miter","strokeMiterLimit":4,"scaleX":1,"scaleY":1,"angle":0,"flipX":false,"flipY":false,"opacity":1,"shadow":null,"visible":true,"clipTo":null,"backgroundColor":"","fillRule":"nonzero","paintFirst":"fill","globalCompositeOperation":"source-over","transformMatrix":null,"skewX":0,"skewY":0,"text":"SIZE INFO","fontSize":30,"fontWeight":"bold","fontFamily":"Malgun Gothic","fontStyle":"normal","lineHeight":1.16,"underline":false,"overline":false,"linethrough":false,"textAlign":"left","textBackgroundColor":"","charSpacing":0,"itemIndex":3,"itemId":"CIT-0","instanceIndex":17,"instanceName":"","instanceType":"TEXT","fontFileFullPath":"C:\\Windows\\Fonts\\Malgun Gothic.ttf","hasControls":false,"lockScalingY":true,"lockScalingX":true,"lockMovementX":false,"lockMovementY":false,"hasRotatingPoint":true,"textInstanceName":"","strokeUniform":false,"styles":{}},{"type":"image","version":"3.6.3","originX":"left","originY":"top","left":0,"top":66,"width":758,"height":250,"fill":"rgb(0,0,0)","stroke":null,"strokeWidth":0,"strokeDashArray":null,"strokeLineCap":"butt","strokeDashOffset":0,"strokeLineJoin":"miter","strokeMiterLimit":4,"scaleX":1,"scaleY":1,"angle":0,"flipX":false,"flipY":false,"opacity":1,"shadow":null,"visible":true,"clipTo":null,"backgroundColor":"","fillRule":"nonzero","paintFirst":"fill","globalCompositeOperation":"source-over","transformMatrix":null,"skewX":0,"skewY":0,"crossOrigin":"","cropX":0,"cropY":0,"itemIndex":3,"itemId":"CII-1","instanceIndex":1,"instanceName":"","instanceType":"IMAGE","instanceId":"CII-1","tempPImageWidth":758,"tempPImageHeight":250,"tempPImage":"C:\\Users\\s.Jun\\pixpert\\.template\\W사 상품 템플릿 (패션)\\src\\image.jpg","pImageName":"","hasControls":true,"hasRotatingPoint":true,"imageInstanceName":"","strokeUniform":false,"src":"file://C:\\Users\\s.Jun\\pixpert\\.template\\W사 상품 템플릿 (패션)\\src\\image.jpg","filters":[]},{"type":"i-text","version":"3.6.3","originX":"left","originY":"top","left":261,"top":356,"width":225.09,"height":33.9,"fill":"#525252","stroke":null,"strokeWidth":1,"strokeDashArray":null,"strokeLineCap":"butt","strokeDashOffset":0,"strokeLineJoin":"miter","strokeMiterLimit":4,"scaleX":1,"scaleY":1,"angle":0,"flipX":false,"flipY":false,"opacity":1,"shadow":null,"visible":true,"clipTo":null,"backgroundColor":"","fillRule":"nonzero","paintFirst":"fill","globalCompositeOperation":"source-over","transformMatrix":null,"skewX":0,"skewY":0,"text":"PRODUCT INFO","fontSize":30,"fontWeight":"bold","fontFamily":"Malgun Gothic","fontStyle":"normal","lineHeight":1.16,"underline":false,"overline":false,"linethrough":false,"textAlign":"left","textBackgroundColor":"","charSpacing":0,"itemIndex":3,"itemId":"CIT-0","instanceIndex":2,"instanceName":"","instanceType":"TEXT","fontFileFullPath":"C:\\Windows\\Fonts\\Malgun Gothic.ttf","hasControls":false,"lockScalingY":true,"lockScalingX":true,"lockMovementX":false,"lockMovementY":false,"hasRotatingPoint":true,"textInstanceName":"","strokeUniform":false,"styles":{}},{"type":"image","version":"3.6.3","originX":"left","originY":"top","left":0,"top":433,"width":758,"height":250,"fill":"rgb(0,0,0)","stroke":null,"strokeWidth":0,"strokeDashArray":null,"strokeLineCap":"butt","strokeDashOffset":0,"strokeLineJoin":"miter","strokeMiterLimit":4,"scaleX":1,"scaleY":1,"angle":0,"flipX":false,"flipY":false,"opacity":1,"shadow":null,"visible":true,"clipTo":null,"backgroundColor":"","fillRule":"nonzero","paintFirst":"fill","globalCompositeOperation":"source-over","transformMatrix":null,"skewX":0,"skewY":0,"crossOrigin":"","cropX":0,"cropY":0,"itemIndex":3,"itemId":"CII-1","instanceIndex":3,"instanceName":"","instanceType":"IMAGE","instanceId":"CII-1","tempPImageWidth":758,"tempPImageHeight":250,"tempPImage":"C:\\Users\\s.Jun\\pixpert\\.template\\W사 상품 템플릿 (패션)\\src\\image.jpg","pImageName":"","hasControls":true,"hasRotatingPoint":true,"imageInstanceName":"","strokeUniform":false,"src":"file://C:\\Users\\s.Jun\\pixpert\\.template\\W사 상품 템플릿 (패션)\\src\\image.jpg","filters":[]},{"type":"i-text","version":"3.6.3","originX":"left","originY":"top","left":5,"top":722,"width":100.55,"height":16.95,"fill":"#525252","stroke":null,"strokeWidth":1,"strokeDashArray":null,"strokeLineCap":"butt","strokeDashOffset":0,"strokeLineJoin":"miter","strokeMiterLimit":4,"scaleX":1,"scaleY":1,"angle":0,"flipX":false,"flipY":false,"opacity":1,"shadow":null,"visible":true,"clipTo":null,"backgroundColor":"","fillRule":"nonzero","paintFirst":"fill","globalCompositeOperation":"source-over","transformMatrix":null,"skewX":0,"skewY":0,"text":"상품 필수 정보","fontSize":15,"fontWeight":"bold","fontFamily":"Malgun Gothic","fontStyle":"normal","lineHeight":1.16,"underline":false,"overline":false,"linethrough":false,"textAlign":"left","textBackgroundColor":"","charSpacing":0,"itemIndex":3,"itemId":"CIT-0","instanceIndex":4,"instanceName":"","instanceType":"TEXT","fontFileFullPath":"C:\\Windows\\Fonts\\Malgun Gothic.ttf","hasControls":false,"lockScalingY":true,"lockScalingX":true,"lockMovementX":false,"lockMovementY":false,"hasRotatingPoint":true,"textInstanceName":"","strokeUniform":false,"styles":{}},{"type":"i-text","version":"3.6.3","originX":"left","originY":"top","left":120,"top":722,"width":408.24,"height":16.95,"fill":"#525252","stroke":null,"strokeWidth":1,"strokeDashArray":null,"strokeLineCap":"butt","strokeDashOffset":0,"strokeLineJoin":"miter","strokeMiterLimit":4,"scaleX":1,"scaleY":1,"angle":0,"flipX":false,"flipY":false,"opacity":1,"shadow":null,"visible":true,"clipTo":null,"backgroundColor":"","fillRule":"nonzero","paintFirst":"fill","globalCompositeOperation":"source-over","transformMatrix":null,"skewX":0,"skewY":0,"text":"| 공정거래위원회 상품정보제공 고시에 따라 작성되었습니다.","fontSize":15,"fontWeight":"normal","fontFamily":"Malgun Gothic","fontStyle":"normal","lineHeight":1.16,"underline":false,"overline":false,"linethrough":false,"textAlign":"left","textBackgroundColor":"","charSpacing":0,"itemIndex":3,"itemId":"CIT-1","instanceIndex":1,"instanceName":"","instanceType":"TEXT","fontFileFullPath":"C:\\Windows\\Fonts\\Malgun Gothic.ttf","hasControls":true,"lockScalingY":true,"lockScalingX":true,"lockMovementX":false,"lockMovementY":false,"hasRotatingPoint":true,"textInstanceName":"","strokeUniform":false,"styles":{}},{"type":"image","version":"3.6.3","originX":"left","originY":"top","left":0,"top":766,"width":758,"height":250,"fill":"rgb(0,0,0)","stroke":null,"strokeWidth":0,"strokeDashArray":null,"strokeLineCap":"butt","strokeDashOffset":0,"strokeLineJoin":"miter","strokeMiterLimit":4,"scaleX":1,"scaleY":1,"angle":0,"flipX":false,"flipY":false,"opacity":1,"shadow":null,"visible":true,"clipTo":null,"backgroundColor":"","fillRule":"nonzero","paintFirst":"fill","globalCompositeOperation":"source-over","transformMatrix":null,"skewX":0,"skewY":0,"crossOrigin":"","cropX":0,"cropY":0,"itemIndex":3,"itemId":"CII-1","instanceIndex":6,"instanceName":"","instanceType":"IMAGE","instanceId":"CII-1","tempPImageWidth":758,"tempPImageHeight":250,"tempPImage":"C:\\Users\\s.Jun\\pixpert\\.template\\W사 상품 템플릿 (패션)\\src\\image.jpg","pImageName":"","hasControls":true,"hasRotatingPoint":true,"imageInstanceName":"","strokeUniform":false,"src":"file://C:\\Users\\s.Jun\\pixpert\\.template\\W사 상품 템플릿 (패션)\\src\\image.jpg","filters":[]}]}}],"exportType":"IMAGE","exportTypeImageExt":"PNG","editableItemIndex":null,"editableItemCanvasData":null,"activeInstanceIndex":null,"imageScaleWidthWatcher":null,"imageScaleHeightWatcher":null,"leftLocationWatcher":null,"topLocationWatcher":null,"canvasMinHeight":250,"canvasMaxHeight":2000},"objectPropertiesPanelView":false,"isObjectPropertiesType":"","commonObjectItemList":[],"isRegisterMode":"TEMPLATE","exportTemplateFormatData":null,"importBulkPageFormatData":null,"importBulkPageImageListFormatData":[{"페이지제목":"bulk","구성요소그룹":"test-2","리스트구성요소":"","리스트구성요소유형":"이미지","리스트구성요소이미지파일":"coupon.png","리스트구성요소텍스트":"","리스트아이템그룹번호":1},{"페이지제목":"bulk","구성요소그룹":"test-2","리스트구성요소유형":"이미지 리스트 영역","리스트구성요소이미지파일":"아이유_014.png","리스트구성요소텍스트":"","리스트아이템그룹번호":1},{"페이지제목":"bulk","구성요소그룹":"test-2","리스트구성요소":"상품","리스트구성요소유형":"텍스트","리스트구성요소이미지파일":"","리스트구성요소텍스트":"상품명","리스트아이템그룹번호":1},{"페이지제목":"bulk","구성요소그룹":"test-2","리스트구성요소":"가격","리스트구성요소유형":"텍스트","리스트구성요소이미지파일":"","리스트구성요소텍스트":"가격","리스트아이템그룹번호":1},{"페이지제목":"bulk","구성요소그룹":"test-2","리스트구성요소":"","리스트구성요소유형":"이미지","리스트구성요소이미지파일":"coupon.png","리스트구성요소텍스트":"","리스트아이템그룹번호":2},{"페이지제목":"bulk","구성요소그룹":"test-2","리스트구성요소유형":"이미지 리스트 영역","리스트구성요소이미지파일":"아이유_010.png","리스트구성요소텍스트":"","리스트아이템그룹번호":2},{"페이지제목":"bulk","구성요소그룹":"test-2","리스트구성요소":"상품","리스트구성요소유형":"텍스트","리스트구성요소이미지파일":"","리스트구성요소텍스트":"상품명","리스트아이템그룹번호":2},{"페이지제목":"bulk","구성요소그룹":"test-2","리스트구성요소":"가격","리스트구성요소유형":"텍스트","리스트구성요소이미지파일":"","리스트구성요소텍스트":"가격","리스트아이템그룹번호":2},{"페이지제목":"bulk","구성요소그룹":"test-2","리스트구성요소":"","리스트구성요소유형":"이미지","리스트구성요소이미지파일":"coupon.png","리스트구성요소텍스트":"","리스트아이템그룹번호":3},{"페이지제목":"bulk","구성요소그룹":"test-2","리스트구성요소유형":"이미지 리스트 영역","리스트구성요소이미지파일":"아이유_023.png","리스트구성요소텍스트":"","리스트아이템그룹번호":3},{"페이지제목":"bulk","구성요소그룹":"test-2","리스트구성요소":"상품","리스트구성요소유형":"텍스트","리스트구성요소이미지파일":"","리스트구성요소텍스트":"상품명","리스트아이템그룹번호":3},{"페이지제목":"bulk","구성요소그룹":"test-2","리스트구성요소":"가격","리스트구성요소유형":"텍스트","리스트구성요소이미지파일":"","리스트구성요소텍스트":"가격","리스트아이템그룹번호":3},{"페이지제목":"bulk","구성요소그룹":"test-2","리스트구성요소":"","리스트구성요소유형":"이미지","리스트구성요소이미지파일":"coupon.png","리스트구성요소텍스트":"","리스트아이템그룹번호":4},{"페이지제목":"bulk","구성요소그룹":"test-2","리스트구성요소유형":"이미지 리스트 영역","리스트구성요소이미지파일":"iu-water.png","리스트구성요소텍스트":"","리스트아이템그룹번호":4},{"페이지제목":"bulk","구성요소그룹":"test-2","리스트구성요소":"상품","리스트구성요소유형":"텍스트","리스트구성요소이미지파일":"","리스트구성요소텍스트":"상품명","리스트아이템그룹번호":4},{"페이지제목":"bulk","구성요소그룹":"test-2","리스트구성요소":"가격","리스트구성요소유형":"텍스트","리스트구성요소이미지파일":"","리스트구성요소텍스트":"가격","리스트아이템그룹번호":4}],"bulkProcessImageFilesPath":"C:\\Users\\s.Jun\\pixpert\\.temp\\BULK-PROC1598492749431","generateImageListFiles":[{"pageName":"bulk","itemName":"test-2","imageListFile":"C:\\Users\\s.Jun\\pixpert\\product\\bulk\\src\\PLR-1598492869695.png"}],"blobRealPath":"","isTemplateSaveFlag":false,"isStaticCanvasDraw":false,"staticDrawProgress":0}